name,0
neerja,0
udta punjab,1
kabhi khushi kabhie gham...,2
kal ho naa ho,3
parched,4
anand,5
pk,6
lagaan: once upon a time in india,7
my name is khan,8
"lust, caution",9
msg the warrior: lion heart,10
fan,11
airlift,12
close encounters of the third kind,13
3 idiots,14
m.s. dhoni: the untold story,15
slumdog millionaire,16
life of pi,17
lion,18
pink,19
madaari,20
swades,21
dil chahta hai,22
a wednesday,23
talvar,24
after the wedding,25
rockstar,26
barfi!,27
zindagi na milegi dobara,28
the namesake,29
taare zameen par,30
anbe sivam,31
andaz apna apna,32
rang de basanti,33
drishyam,34
masaan,35
the lunchbox,36
chungking express,37
devdas,38
kapoor & sons,39
gangs of wasseypur,40
rainbow,41
tanu weds manu returns,42
jodhaa akbar,43
ugly,44
veer-zaara,45
hera pheri,46
sholay,47
dilwale dulhania le jayenge,48
saala khadoos,49
jab we met,50
haider,51
piku,52
black,53
kahaani,54
water,55
black friday,56
nayakan,57
kuch kuch hota hai,58
bajrangi bhaijaan,59
bhaag milkha bhaag,60
munna bhai m.b.b.s.,61
guru,62
shahid,63
detective byomkesh bakshy!,64
queen,65
laal rang,66
baby,67
dev.d,68
jo jeeta wohi sikandar,69
rock on!!,70
chak de! india,71
delhi belly,72
omkara,73
satya,74
hey ram,75
khosla ka ghosla!,76
udaan,77
gulaal,78
maqbool,79
salaam bombay!,80
jaane tu... ya jaane na,81
badlapur,82
wake up sid,83
kai po che!,84
msg 2 the messenger,85
gol maal,86
sarkar,87
eega,88
guzaarish,89
lage raho munna bhai,90
paan singh tomar,91
vicky donor,92
highway,93
vishwaroopam,94
the legend of bhagat singh,95
budhia singh: born to run,96
omg: oh my god!,97
ankhon dekhi,98
aligarh,99
company,100
jaane bhi do yaaro,101
english vinglish,102
days of tafree,103
amal,104
pyaar ka punchnama 2,105
chupke chupke,106
khakee,107
hum dil de chuke sanam,108
rocket singh: salesman of the year,109
oye lucky! lucky oye!,110
hum aapke hain koun...!,111
lakshya,112
raanjhanaa,113
dum laga ke haisha,114
special 26,115
madras cafe,116
johnny gaddaar,117
samsara,118
tum bin...: love will find a way,119
baazigar,120
earth,121
aankhen,122
darr,123
ship of theseus,124
manjhi: the mountain man,125
kaminey,126
sarfarosh,127
dil se..,128
nil battey sannata,129
yuva,130
mumbai meri jaan,131
maine pyar kiya,132
anniyan,133
paanch,134
manorama six feet under,135
titli,136
kabhi haan kabhi naa,137
mr. india,138
rahasya,139
kammatti paadam,140
shatranj ke khilari,141
hazaaron khwaishein aisi,142
ab tak chhappan,143
thuppakki,144
agneepath,145
pyaar ka punchnama,146
the endless wait,147
belaseshe,148
89,149
monpura,150
chotushkone,151
bojhena shey bojhena,152
dark chocolate,153
bhooter bhabishyat,154
television,155
dulaara,156
dulhan chahi pakistan se,157
patna se pakistan,158
matrubhoomi: a nation without women,159
nirahua hindustani,160
baghban,161
haasil,162
bol,163
in the name of god,164
mor mann ke bharam,165
mor chhainha bhuinya,166
jaatishwar,167
chhello divas,168
thai jashe!,169
court,170
bey yaar,171
kevi rite jaish,172
stanley ka dabba,173
gujjubhai the great,174
tuu to gayo,175
wrong side raju,176
parzania,177
bas ek chance,178
romance complicated,179
salangai oli,180
koshish,181
the victim,183
enemy?,184
nachom-ia kumpasar,186
bukunja tekunja mitti: the cannibals,187
maheshinte prathikaaram,188
mumbai police,189
spadikam,190
7 letters,191
kochavva paulo ayyappa coelho,192
su su sudhi vathmeekam,193
aaram thamburan,194
ustad hotel,195
devasuram,196
magadheera,197
chithram,198
charlie,199
bangalore days,200
oppam,201
manamantha,202
guppy,203
janatha garage,204
premam,205
pulimurugan,206
aanandam,207
mee shivajiraje bhosale boltoy,209
thanks maa,210
ekk albela,211
coffee ani barach kahi,212
shala,213
ardh satya,214
yz,215
natarang,216
chillar party,217
fandry,218
roja,219
natsamrat,220
killa,221
sairat,222
raiders of the lost ark,223
mask of desire,224
zhigrana,225
mokshya,226
november rain,228
acharya,229
lukamari,230
kabaddi,231
muna madan,232
kabaddi kabaddi,233
talakjung vs tulke,234
pashupati prasad,235
the black hen,236
loot,237
highway to dhampus,238
yodha,239
white sun,240
partu,244
border,245
i am kalam,246
vaaranam aayiram,247
mankatha,248
visaaranai,249
aandavan kattalai,250
velaiyilla pattathari,251
kaakkaa muttai,252
thani oruvan,253
kuttrame thandanai,254
ghajini,255
joker,256
in a small world,257
i,258
24,259
baahubali: the beginning,260
1 - nenokkadine,261
nannaku prematho,262
krishna gaadi veera prema gaadha,263
athadu,264
srimanthudu,265
abhinetri,266
kuruthipunal,267
oopiri,268
asura,269
ism,270
batman begins,271
actor in law,272
waar,273
ho mann jahaan,274
maalik,275
bin roye,276
janaan,277
the kite runner,278
eastern promises,279
iron man,280
hkhagoroloi bohu door,281
bakor putek,282
bandit queen,283
road to sangam,284
dasvidaniya,285
iqbal,286
maachis,287
kajarya,288
rangeela,289
shool,290
rehnaa hai terre dil mein,291
don,292
nayak: the real hero,293
utopia,294
kaun?,295
sivaji,296
angoor,297
train station,298
do chehre,299
ishq ke parindey,300
kabhie kabhie,301
vaastav: the reality,302
qayamat se qayamat tak,303
amar prem,304
virasat,305
lakeer ka fakeer,306
c.i.d.,307
kya dilli kya lahore,308
sehar,309
hungama,310
ijaazat,311
amar akbar anthony,312
chhoti si baat,313
bombay,314
abhimaan,315
aamir,316
...yahaan,317
bawarchi,318
kala pani,319
mera naam joker,320
hawaa hawaai,321
the message,322
punjab 1984,323
autohead,324
madhumati,325
hindustani,326
raincoat,327
half ticket,328
makdee,329
socha na tha,330
mirch masala,331
sadma,332
anari,333
mehboob ki mehndi,334
saaransh,335
zubaan,336
aandhi,337
naya daur,338
phas gaye re obama,339
phir se...,340
rakhta charitra,341
chaar sahibzaade,342
muthu,343
woh kaun thi?,344
naram garam,345
bheja fry,346
chandni bar,347
do dooni chaar,348
anjali,349
baasha,350
khaleja,351
dr. babasaheb ambedkar,352
khamosh,353
khatta meetha,354
chashme buddoor,355
haqeeqat,356
raakh,357
chand ke paar chalo,358
gour hari dastaan: the freedom file,359
chalti ka naam gaadi,360
parinda,361
simhadri,362
kota junction,363
khubsoorat,364
pinjar,365
ek hasina thi,366
tiger,367
zakhm,368
3 deewarein,369
rough book,370
chori chori,371
damini,372
kerala varma pazhassi raja,373
lakshmi,374
mera saaya,375
shakti,376
aaj,377
chitchor,378
dor,379
satyakam,380
sardar,381
mandi,382
holi,383
mausam,384
baton baton mein,385
peepli (live),386
masoom,387
ramchand pakistani,388
kerry on kutton,389
ghayal,390
junoon,391
naam,392
sparsh,393
chameli ki shaadi,394
upkar,395
doli,396
padosan,397
project marathwada,398
the blue umbrella,399
zanjeer,400
griha pravesh,401
dil toh deewana hai,402
do bigha zamin,403
36 chowringhee lane,404
duniya,405
bhumika,406
droh kaal,407
katha,408
chatrapathi,409
prem geet,410
hum hain rahi pyar ke,411
gandhinagar 2nd street,412
kalyug,413
khoya,414
muqaddar ka sikandar,415
mr. and mrs. iyer,416
y.m.i. yeh mera india,417
ankush,418
kamla ki maut,419
parichay,420
night's end,421
dharm,422
mili,423
kanoon,424
prahaar: the final attack,425
hai apna dil toh awara,426
rajnigandha,427
lekin...,428
mrityudand: the death sentence,429
noukadubi,430
once upon a time in bihar,431
gaman,432
mere apne,433
anupama,434
peechha karro,435
ek duuje ke liye,436
samadhi,437
dard ka rishta,438
shortcut safari,439
swayamvar,440
dev bhoomi,441
station,442
khamoshi: the musical,443
umbartha,444
ninne pelladatha,446
namkeen,447
tu hai mera sunday,448
ramana,449
anuraag,450
yaad rakhegi duniya,451
baseraa,452
phoring,453
mohan joshi hazir ho!,454
babu,455
sons of ram,456
dil ek mandir,457
karz,458
my brother... nikhil,460
hotel salvation,461
geet gaata chal,462
pratibandh,463
karamati coat,464
aag,465
palkon ki chhaon mein,466
black home,467
trishul,468
baazi,469
imtihan,470
vaishali,471
uphaar,472
mamta,473
ankahee,474
kaala patthar,475
abhiyum naanum,476
moods of crime,478
vishwaroop,479
maryada,480
vivekananda,481
shaukeen kaminay,482
sharafat,484
1971,487
woh 7 din,488
andaz,489
neecha nagar,490
walkaway,491
chehere: a modern day classic,492
trishagni,493
shaheed,494
marhi da deeva,495
maya bazaar,496
pavitra paapi,497
gharana,498
aakhri khat,499
chapekar brothers,500
dulhan wahi jo piya man bhaaye,501
mumbai love,502
apradhi kaun?,503
dastaan,504
anarkali,505
little terrors,506
deedar,507
aghaat,508
second marriage dot com,509
anubhav,510
halo,511
solva saal,512
basant bahar,513
vakil babu,514
vishwavijay,516
swami ayyappan,517
naseem,518
shatru,519
mehrban,523
seema,524
patala bhairavi,525
phagun,526
mohan rakesh's adhe adhure,527
baarish,528
woh main nahin,529
pagdi: the honour,532
the spirit of mumbai,533
baharon ke sapne,534
bajrangbali,535
the churning,536
kanyadaan,537
dubai return,538
teesri kasam,539
scorching winds,540
khamoshi,541
damul,542
jagte raho,543
aakrosh,544
dil deke dekho,545
shirin farhad,546
geet,547
ankur: the seedling,548
mohalla assi,549
do ankhen barah haath,550
ek doctor ki maut,551
sahib bibi aur ghulam,552
waaris,553
khargosh,554
devdas,555
teesri manzil,556
arth,557
gangaajal,558
yeh saali zindagi,559
ghar dwaar,560
deewaar,561
haraamkhor,562
manokaamnaa,563
dhanwan,564
27 down,565
aarti,566
gangoobai,567
sawan ko aane do,568
pratisaad: the response,569
oraalppokkam,570
mahal,571
tapasya,572
triyacharitra,573
massey sahib,574
maya,575
zara si zindagi,576
manasarovar,577
suraag,578
rikki-tikki-tavi,579
kismet,580
chhaya,582
pyaar ki jeet,583
patita,584
zindagi,588
bloody isshq,589
lagna pahave karun,590
pooja ke phool,591
sri shirdi saibaba mahathyam,592
attahaasa,593
padatik,594
shiva,595
mahananda,596
shackle,597
myoho,598
hum tum dushman dushman,599
haggada kone: end of the rope,600
ek ghar,601
adhikar,605
servus ishq,606
suddha,608
debshishu,610
sarivar sari,611
bidyapati,612
pyaasa sawan,613
sat bhai chompa,617
ei ghor ei songsar,619
shilpi,621
dipu number 2,622
heerak rajar deshe,623
nondito noroke,624
the hunger,626
goopy gyne bagha byne,627
...ebong kanna,629
chhutir ghonta,631
jibon thekey neya,632
aguner poroshmoni,633
rupkothar golpo,634
apur panchali,635
load shedding,636
sthaniya sambaad,637
sonar kella,638
common gender,639
personal assistant,641
dukhai,642
marutirtha hinglaj,643
damu,644
srabon megher din,645
dhire bohe meghna,647
deya neya,649
the clay bird,650
the land of peace,651
hangor nodi grenade,652
charachar,654
sajani go sajani,655
nayak,657
jomalaye jibanta manush,658
guerrilla,659
kangal malsat,660
jana aranya,661
icecream,662
80 te asio na,663
burning calcutta,664
bipasha,666
moner manush,672
taka ana pai,673
uttar falguni,674
oshikkhito,679
eagoler chokh,681
moroner pore,687
nirjan saikate,694
kancher swarga,700
sesh anka,701
barnali,704
mej didi,707
teen bhubaner parey,709
agni pareeksha,711
protibad,714
agnishwar,716
saheb bibi golam,718
jiban trishna,719
phulkumar,720
uttarayan,726
palanka,729
rashifal,732
harmonium,737
assassin,743
aamaar bhuvan,748
shutorang,756
ghatak,758
alor pipasa,759
ichchhemotir gappo,760
nodir naam modhumoti,761
five no budget films,762
emiler goenda bahini,764
dwitiyo ripu,767
sangee,768
anondo osru,769
kuheli,770
runway,771
distant thunder,772
paatshala,773
pratidwandi,774
bapjaner bioscope,775
days and nights in the forest,777
natoker moto: like a play,778
nawab sirajuddaula,779
pratyaghat,791
13 number feku ostagar lane,798
chaalchitra,799
shap mochan,800
thana theke aschi,801
charmurti,802
padma nadir majhi,803
the cloud-capped star,804
teen kanya,805
jalaler golpo,806
the music room,807
the stranger,808
amar bondhu rashed,809
baishe srabon,811
ekhane pinjar,813
shukno lanka,815
deep jweley jai,816
shimana periye,817
ek nadir galpo,818
chinnamul,819
bagh bahadur,820
sabyasachi,821
runaway,822
joyjatra,823
kokhono megh,825
parashuram,826
kony,834
neelachaley mahaprabhu,838
kathantara,842
kittonkhola,843
ghuri,845
sotter mrittu nei,847
abhijaan,848
galpa holeo satyi,849
meghe dhaka tara,850
company limited,851
neel akasher neechey,852
chirodini tumi je amar 2,853
chaya manush,854
kanchenjungha,855
britto,856
devi,858
bikkhov,871
alor michil,879
lathi,880
disha,881
chandidas,885
mastan,887
the forlorn,890
na hannyate,891
jibondhuli,892
shikar,905
jhankar,910
mukti,911
bhranti bilas,912
shubhodristi,924
headmaster,927
shuvoda,928
sweetheart,934
ekattorer jishu,937
swayamsiddha,938
krishnakanter will,940
chowringhee,941
sagina mahato,942
sutopar thikana,943
macho mustanaa,944
swapno,948
bedeni,957
uttoran,960
achin pakhi,962
bou thakuranir hath,963
dasein,967
sasurbari zindabad,968
and quiet rolls the dawn,969
four chapters,972
haajar bachhar dhorey,975
chocolate,976
ajantrik,977
sharey chuattar,978
kshudhita pashan,979
antony firingee,980
chhadmabeshi,981
hotath bristi,982
chotoder chobi,984
sati,986
hello memsaheb,987
mad_e in bangladesh,988
ek phali rodh,989
the coward,990
chuye dile mon,991
subhashchandra,992
coolie,993
ek bar bolo uttam kumar,994
ami aadu,995
shurjokonna,997
sareng bou,998
kabuliwala,999
interview,1000
khashi katha,1001
surja dighal bari,1002
alo,1003
paanch adhyay,1005
dui duari,1006
niloye jokhon,1009
aakrosh,1010
sakal sandhya,1016
tumi amar,1025
tomake chai,1027
harano din,1028
paras-pathar,1030
ghare-baire,1031
subarnarekha,1032
badsha: the king,1037
daruchini dip,1039
shakha proshakha,1040
jomer raja dilo bor,1042
punascha,1043
porobashinee,1044
sabuj dwiper raja,1046
shadows of time,1047
teenkahon,1048
nirbashito,1049
open tee bioscope,1050
the japanese wife,1051
cinemawala,1052
gaariwala,1060
chayamoy,1064
bilambita lay,1065
rati chakravyuh,1067
chandra grohon,1069
bandhan,1070
brihonnola,1072
bari theke paliye,1078
jamaibabu zindabad,1082
jodi ekdin,1083
kokhono megh kokhono brishti,1084
dekha,1086
goopy bagha phire elo,1087
alik sukh - a tale of fleeting happiness,1088
ramdhanu: the rainbow,1089
calcutta 71,1090
bhalobasar anek naam,1091
lalsalu,1092
unishe april,1093
chitra nodir pare,1094
antarjali jatra,1095
baari tar bangla,1096
the last poem,1097
chorabali,1098
a river called titas,1099
ghetu putro komola,1100
keyamot theke keyamot,1101
praktan,1102
krishnopokkho,1103
ajana batas,1104
abby sen,1106
hero,1109
kinu gowalar gali,1112
sapurey,1113
beyond the circle,1117
didi,1120
mahajan,1121
ekti nodir naam,1129
kabuliwala,1130
araler antorale: the inside story,1132
den mohor,1142
ontore ontore,1146
ek je aachhe kanya,1152
jagriti,1156
naya pata,1157
chhodab na sang tohaar,1158
saranga,1159
mohabbat zindagi hai,1161
tel malish boot polish,1162
mujhe jeene do,1163
ganga maiyya tohe piyari chadhaibo,1164
ballia ke dabangai,1165
bhagat dhanna jatt,1166
nanak naam jahaz hai,1170
sikander,1172
ramta jogi,1174
dharam yudh morcha,1175
carry on jatta,1180
jatt jeona mour,1181
ek noor,1184
vaapsi,1185
chann pardesee,1186
mitti,1188
nanak dukhiya sub sansar,1189
www: work weather wife,1191
angrej,1195
kankan de ohle,1196
gelo,1198
eh janam tumhare lekhe,1200
ardaas,1201
bambukat,1203
ek jind ek jaan,1205
sadda haq,1207
judge singh llb,1208
mr. & mrs. 420,1209
goreyan nu daffa karo,1210
badla jatti da,1214
jatt & juliet,1216
silent waters,1219
sawa lakh se ek ladaun,1220
proud to be a sikh,1221
fateh,1222
jatt & juliet 2,1224
mannat,1225
love punjab,1227
mitter pyare nu haal mureedan da kehna,1229
dil hi to hai,1230
zinda bhaag,1231
police in pollywood,1232
qurbani jatt di,1236
i am shahid afridi,1237
shaheed-e-mohabbat boota singh,1238
haani,1242
kashino dikro,1247
veer hamirji - somanath ni sakhate,1248
premji rise of a warrior,1249
ek var piyu ne malva aavje,1250
happy familyy pvt ltd,1251
manvi ni bhavai,1253
hutututu: aavi ramat ni rutu,1254
gangotri,1255
ek sapera ek lutera,1257
dil ne phir yaad kiya,1258
laagi nahi chhute ram,1259
manzil,1260
vallah kya baat hai,1261
bubble gum,1262
gaban,1263
khushiyaan,1264
majajan,1265
channa sachi muchi,1266
yaraan naal baharaan,1267
asa nu maan watna da: in search of our roots,1268
"lsd: love, sex aur dhokha",1270
31st october,1272
nalaik,1274
lad gaya pecha,1275
zill-e-shah,1276
jag jeondeyan de mele,1277
bangles,1278
jai jagannath,1279
dil apna punjabi,1280
gadar: ek prem katha,1281
dharti,1282
anhey gorhey da daan,1283
yasmin,1284
desi romeos,1285
yoddha: the warrior,1287
ae fond kiss...,1288
tera mera ki rishta,1290
dilli ka thug,1291
ambarsariya,1292
noor,1293
tere bin laden,1294
mel karade rabba,1295
bha ji in problem,1297
jihne mera dil luteya,1298
jatt boys putt jattan de,1299
gadaar: the traitor,1300
nikka zaildar,1301
maujaan dubai diyan,1302
political asylum,1303
a tale of punjab,1304
chak jawana,1305
band baaja baaraat,1306
happy go lucky,1307
yaar anmulle,1308
shareek,1309
amu,1310
polam pol,1311
sampoorna mahabharat,1312
saptapadii,1313
romeo & radhika,1314
jogan,1315
firaaq,1317
bhuvan shome,1318
do ustad,1319
bas yaari rakho,1320
mr. india,1321
mujhse fraaandship karoge,1322
percy,1324
aa te kevi dunniya,1325
drachenfutter,1326
"gandhi, my father",1327
laado,1330
paltadacho munis,1331
vadakkunokkiyantram,1332
moonnam pakkam,1334
guru,1335
thaniyavartanam,1336
ennu ninte moideen,1339
bharatham,1341
gitanjali,1342
namukku parkkan munthiri thoppukal,1343
perariyathavar,1344
godfather,1345
oru vadakkan veeragatha,1346
aranazhikaneram,1347
vigathakumaran,1349
pathemari,1350
chatta,1351
ka bodyscapes,1352
ramji rav speaking,1353
kilukkam,1354
karma cartel,1356
thoovanathumbikal,1357
manichithrathazhu,1358
in harihar nagar,1359
nadodikkattu,1361
sandesham,1362
vanyam,1363
ozhivudivasathe kali,1364
shankarabharanam,1365
sagara sangamam,1367
kireedam,1368
ben,1369
sita swayamvar,1370
ollavum theeravum,1372
lakshmana rekha,1374
odeyil ninnu,1379
thenmavin kombath,1380
left right left,1381
sadayam,1382
pattana pravesham,1386
pinneyum,1387
classmates,1391
thanmathra,1397
dasharatham,1398
ottaal,1401
pranchiyettan and the saint,1402
maanasaandarapetta yezdi,1403
abhay,1410
innale,1411
swathi kiranam,1417
ponmuttayidunna tharavu,1418
chidambaram,1419
mudra,1420
vatsalyam,1421
neelakkuyil,1423
yavanika,1424
his highness abdullah,1425
birds with large wings,1426
sanmanassullavarkku samadhanam,1427
udayananu tharam,1428
mannar mathai speaking,1430
ayalum njanum thammil...,1432
thavalam,1433
happy days,1434
saptapadhi,1437
chinthavishtayaya shyamala,1442
varavelpu,1443
thazhvaram,1444
kaazhcha,1445
oru cbi diary kurippu,1446
adaminte makan abu,1447
memories,1448
amaram,1449
traffic,1450
pilgrimage,1451
punjabi house,1452
manjadikuru,1453
anubhavangal palichakal,1457
kakkothi kaavile appoppan thaadikal,1464
pooram,1465
ente entethu mathram,1468
balan,1471
anantaram,1473
lekhayude maranam: oru flashback,1476
anu bandham,1477
panchavadi palam,1479
parinayam,1480
no: 20 madras mail,1481
kanyaka talkies,1482
vandanam,1483
bhargavi nilayam,1484
ponthan mada,1485
midhunam,1486
celluloid,1487
vietnam colony,1488
thalavattam,1489
kayyoppu,1490
munnariyippu,1491
meesha madhavan,1493
amen,1497
mattoral,1499
thinkalazhcha nalla divasam,1500
ann mariya kalippilanu,1501
jal bin machhli nritya bin bijli,1502
vartha,1503
akkare akkare akkare,1505
dhruvam,1506
kalyanaraman,1507
aparan,1508
"blue skies, green waters, red earth",1509
kodiyettam,1511
iyobinte pusthakam,1513
orkkuka vallappozhum,1515
pavithram,1517
unto the dusk,1521
mahayanam,1522
ohm shanthi oshaana,1524
panneer pushpangal,1525
oridathu,1526
daivathinte vikrithikal,1528
bioscope,1529
perumthachan,1532
piravi,1534
ee adutha kaalath,1536
ivan megharoopan,1537
kaaviya thalaivan,1538
summer in bethlehem,1539
shutter,1541
action hero biju,1542
1983,1544
jacobinte swargarajyam,1545
indian rupee,1546
veendum chila veettukaryangal,1547
kallan pavithran,1548
sasneham,1554
irakal,1555
rat-trap,1556
oppol,1557
athirathram,1558
chanakyan,1559
o' faby,1560
irupatham noottandu,1561
melvilasom,1563
padayottam,1565
beautiful,1566
thirakkatha,1568
unaroo,1569
katha parayumpol,1571
chenkol,1572
mrigaya,1574
spirit,1575
north 24 kaatham,1576
vellimoonga,1583
kamaladalam,1585
aalkkoottathil thaniye,1586
poovinnu puthiya poonthennal,1589
rajavinte makan,1592
nokketha dhoorathu kannum nattu,1593
meleparambil aanveedu,1594
kattathe kilikoodu,1595
ain,1596
passenger,1597
ozhimuri,1598
thenkasipattanam,1599
manassinakkare,1600
january oru orma,1601
daisy,1603
mythri,1604
new delhi,1607
arabikkatha,1608
vazhve mayam,1611
revathikkoru pavakkutty,1617
ente upasana,1619
101 chodhyangal?,1620
ente mamattikkuttiyammakku,1623
kariyila kattu pole,1624
salt n' pepper,1626
commissioner,1627
philips and the monkey pen,1629
neram,1630
thattathin marayathu,1631
kerala cafe,1633
big b,1634
narashimham,1637
22 female kottayam,1638
ok kanmani,1639
vachanam,1640
imagi ningthem,1641
ishanou,1647
sanabi,1648
atmavishwas,1649
ashi hi banwa banwi,1651
sanngto aika - hear me out,1653
gojiri,1655
the truck of dreams,1656
chaani,1657
yellow,1659
family katta,1662
than than gopal,1663
biker's adda,1664
rama madhav,1665
amar bhoopali,1666
highway ek selfie aarpar,1667
ratra aarambh,1668
akalpith,1670
astu - so be it,1672
hemalkasa,1673
mumbaicha fauzdar,1674
nagrik,1675
sakharam binder,1676
sail,1678
khwada,1679
hou de jarasa ushir,1680
aaram haram aahe!,1681
half ticket,1682
kapus kondyachi goshta,1683
postcard,1685
katyar kaljat ghusali,1686
janiva marathi film,1687
the silence,1688
badam rani gulam chor,1689
ventilator,1691
koti,1692
manoos,1695
dombivli fast,1696
brahmachari,1697
aflatoon,1699
gadhvache lagna,1700
welcome zindagi,1701
balak palak,1703
babu band baja,1705
ek hazarachi note,1706
bin kamacha navra,1707
not only mrs. raut,1708
mohityanchi manjula,1709
pheka pheki,1710
nital,1711
lapandav,1712
avatarachi goshta,1713
vazir,1714
lokmanya ek yugpurush,1715
shwaas,1716
elizabeth ekadashi,1717
"satya, savitri ani satyavaan",1718
ajoba,1719
deool,1720
jhing chik jhing,1721
khel mandala,1722
the village had no walls,1723
shantata! court chalu aahe,1724
doghi,1725
mukta,1726
gupchup gupchup,1727
anumati,1728
carry on maratha,1729
shejari shejari,1731
harishchandrachi factory,1732
jogwa,1733
jana gana mana,1735
tu tithe mee,1737
gajaar: journey of the soul,1738
bhet,1741
aaila re!!,1743
kaksparsh,1744
aajcha divas majha,1745
uttarayan,1746
pandu hawaldar,1747
samna,1748
thartharat,1750
maati maay,1751
ajab lagnachi gajab gosht,1752
premasathi coming suun,1754
aaghaat,1755
pitruroon,1756
ayodhyecha raja,1757
miss match,1758
shubhamangal savadhan,1760
kaul,1761
vaastupurush,1762
priyatama,1763
mumbai pune mumbai,1766
aamhi jato amuchya gava,1767
tuhya dharma koncha?,1768
ram rajya,1769
jait re jait,1770
tingya,1771
ek hota vidushak,1772
mala aai vhaaychay!,1773
kadachit,1775
navri mile navryala,1776
samaantar,1777
a paying ghost,1779
sasu varchad javai,1781
pathlaag,1782
ek cup chya,1783
bhutacha bhau,1784
happy journey,1785
kalat nakalat,1786
pinjra,1788
shubha bol narya,1789
jaundya na balasaheb,1791
investment,1792
time pass,1793
sakhi,1794
haapus,1798
gandha,1799
sangte aika,1800
dahavi pha,1801
72 miles - ek pravas,1803
bandh nylon che,1805
rajwade and sons,1806
amhi doghe raja rani,1807
manyaa the wonder boy,1810
taryanche bait,1811
balache baap brahmachari,1812
gho mala asala hawa,1813
sandook,1814
devrai,1815
yanda kartavya aahe,1816
nishani dava angatha,1817
double seat,1818
small world,1822
kagbeni,1824
visa girl,1825
soongava: dance of the orchids,1826
ritu,1827
jhola,1828
mero euta saathi cha,1829
raghav,1831
dristibhram,1832
apabad,1833
chino,1835
birami sahar (sick city),1836
darpan chhaya,1838
chhakka panja,1839
uma,1843
kusume rumal,1848
paradesi babu,1854
paradeshi chadhei,1863
tara,1864
arundhati,1865
kaa,1867
dhauli express,1875
aw aakare aa,1877
chamana atha guntha,1878
samaya,1885
galpa helebi sata,1895
biswaprakash,1900
lakhmi pratima,1902
seeta bibaha,1909
kebe tame naha kebe mu nahi,1925
magunira shagada,1926
oonga,1930
jeevan sathi,1931
jajabar,1933
sanju aau sanjana,1938
nari akhire nian,1941
mamata ra dori,1943
isi life mein...!,1945
daal me kala,1946
"road, movie",1947
mirch,1948
bawandar,1949
hum log,1950
railway platform,1951
trishna,1952
zubeidaa,1953
bhobhar - the live ash,1954
bai chale sasariye,1955
the deceivers,1956
enakkul oru devathai,1957
kuttram kadithal,1962
appa,1964
sadhuram 2,1965
pithamagan,1966
godsview,1968
soodhu kavvum,1969
kattradhu thamizh,1970
michael madana kamarajan,1971
iruvar,1972
jigarthanda,1973
thillu mullu,1974
a peck on the cheek,1975
moondram pirai,1976
aaranya kaandam,1977
mahanadi,1978
mouna ragam,1979
papanasam,1980
thalapathi,1982
thevar magan,1983
thanha rathi ranga,1985
irudhi suttru,1988
alai payuthey,1989
virumandi,1990
uriyadi,1991
mudhalvan,1992
vazhakku enn 18/9,1993
paradesi,1994
anjathe,1995
deiva thirumagal,1996
sathi leelavathi,1997
thirumal perumai,1998
thayi veedu,2003
pathinaru vayathinile,2004
pizza,2005
ethir neechal,2006
raja raja chozhan,2007
paruthi veeran,2008
nadu iravil,2009
indru netru naalai,2010
naduvula konjam pakkatha kaanom,2011
ooty varai uravu,2012
onaayum aattukkuttiyum,2013
sethu,2014
guna,2016
neer kumizhi,2018
orr eravuu,2019
nadodi mannan,2022
minnalkodi,2023
nenjam marappathillai,2024
pudhu pettai,2025
mullum malarum,2026
apoorva sagodharargal,2027
iraivi,2028
varumayin niram sigappu,2029
mohammed-bin-tughlaq,2031
aarilirindhu aruvathu varai,2032
unnal mudiyum thambi,2033
vaali,2034
punnagai mannan,2035
malli,2036
saraswathi sabatham,2037
kamaraj,2038
sigappu rojakkal,2039
padaiyappa,2040
mozhi,2041
thanga meengal,2042
engeyum eppodhum,2044
yutham sei,2048
kanchivaram,2049
mahakavi kalidas,2051
sabapathy,2055
madras,2056
aadukalam,2057
kaakha..kaakha: the police,2058
sathuranga vettai,2059
vettaiyaadu vilaiyaadu,2060
yaavarum nalam,2061
unnaipol oruvan,2062
jagat,2063
vinnaithaandi varuvaayaa,2064
ola bola,2065
kaththi,2066
major chandrakant,2068
the gravel road,2069
thirudathe,2071
kadalikka neramillai,2073
ethiroli,2075
thirumalai thenkumari,2076
naan kadavul,2078
pannaiyarum padminiyum,2079
pisasu,2080
thegidi,2081
vasoolraja m.b.b.s,2082
galatta kalyanam,2086
ghilli,2087
ko,2088
sabash meena,2089
kundukkili,2090
parthal pasi theerum,2094
sila nerangalil sila manithargal,2095
kappalottiya thamizhan,2097
sparsha,2099
raam,2100
vaagai sooda vaa,2101
agni natchathiram,2103
sathyaa,2104
gentleman,2105
avvai shanmugi,2106
azhagu kutti chellam,2107
panchatanthiram,2108
cuckoo,2109
kadhal konden,2110
chennai 600028,2111
subramaniapuram,2112
madrasapattinam,2113
pasanga 2,2115
enakkul oruvan,2117
maya,2120
bale pandiya,2124
en manaivi,2125
crayon,2126
nooravathunaal,2128
aval oru thodar kathai,2130
yaar nee,2131
pichaikkaran,2133
mouna geethanagal,2135
goli soda,2137
rajathandhiram,2138
7/g rainbow colony,2139
ayitha ezhuthu,2140
jeeva,2141
nanban,2142
thulladha manamum thullum,2143
minnale,2148
navarathri,2150
oru modhal oru kadhal,2151
moodar koodam,2154
navarasa,2156
veyyil,2160
karnan,2161
nila,2162
ulagam sutrum valiban,2163
thavamai thavamiruntu,2164
naadodigal,2165
annamalai,2166
pasanga,2167
angadi theru,2168
eeram,2169
raja rani,2170
kandukondain kandukondain,2172
aasai,2174
mayakkam enna,2175
karma,2176
poove unakkaga,2177
kaadhalukku mariyaadai,2178
muthal mariyathai,2179
mundaasupatti,2180
mudhal thedi,2181
nandha,2182
mounam pesiyadhe,2183
thedi vanda mappillai,2184
kandan karunai,2189
imsai arasan 23 m pulikesi,2191
ratha kanneer,2192
marupakkam,2193
pudhu kavithai,2194
raman thediya seethai,2195
pudhiya paravai,2197
moodupani,2200
vere vazhi ille,2201
ullathai allitha,2202
autograph,2204
ilamai oonjal aadukirathu,2205
sharada,2211
chettaniki kallu levu,2212
kurukshetramu,2216
poova thalaya,2218
mahakavi kalidasu,2226
karunamayudu,2230
dk bose,2231
onamalu,2232
chantabbai,2233
aakali rajyam,2237
swayam krushi,2238
aditya 369,2239
taskara,2242
swarnakamalam,2243
kumari 21f,2244
tholi prema,2245
shiva,2246
bhakta prahlada,2255
nuvvu naaku nachchav,2256
malapilla,2271
sivaranjani,2272
sri kalahastiswara mahatyam,2274
terror,2279
aha naa pellanta,2282
maa bhoomi,2286
sahasra siracheda apoorva chinthamani,2288
21,2290
wish you happy breakup,2295
kshanam,2298
maharshi,2300
rudra veena,2302
shri datta darshanam,2308
manavoori pandavulu,2329
meera a bloody love story,2330
gundamma katha,2334
#pellichoopulu,2335
karna,2344
mooga nomu,2358
srivari sobhanam,2363
rangula ratnam,2365
swathi muthyam,2366
drushyam,2367
aa naluguru,2368
dream,2380
mosagalaku mosagaadu,2382
swathi,2386
ososi rakasi,2389
sri krishnarjuna yudham,2391
ankuram,2393
prasthanam,2394
manmadhudu,2398
missamma,2415
kanche,2425
bommarillu,2431
gunasundari katha,2442
stri,2450
padaharella vayasu,2452
tandra paparayudu,2454
minugurulu,2463
aithe,2467
daana veera soora karna,2469
gamyam,2470
vedam,2471
kshana kshanam,2472
manam,2473
okkadu,2474
unkahi,2476
jawani phir nahi ani,2477
3 bahadur,2478
mah e mir,2479
hijrat,2480
najma,2482
hotal,2483
a wedding,2487
zarqa,2489
o21,2490
mughal-e-azam,2491
aksbandh,2493
moor,2494
anokha mehman (unique guest),2495
jago hua savera,2496
dance kahani,2497
manto,2498
shah,2499
abdullah: the final witness,2501
bachaana,2502
ustadon ke ustad,2503
papi,2504
devar,2506
sargam,2508
swaarangi,2509
farz aur mohobbat alias navsherwan-e-adil,2510
zindagi kitni haseen hay,2512
mirza ghalib,2514
chambaili,2516
humayun,2517
na maloom afraad,2518
revenge of the worthless,2519
umrao jaan,2520
zeenat,2523
yeh aman,2526
anhonee,2527
abhilasha,2529
mayurpankh,2530
pakeezah,2531
pukar,2534
taj mahal,2535
criminal hunter,2537
local kung fu,2542
rowd,2543
bokul,2544
kothanodi,2549
darmiyaan: in between,2550
konikar ramdhenu,2551
halodhia choraye baodhan khai,2553
baandhon,2554
tulsidas,2555
bheegi raat,2556
samarat prithviraj chauvan,2557
adi shankaracharya,2558
youth without youth,2559
the man who knew infinity,2560
ek phool char kaante,2561
bahuparaak,2564
shankar guru,2566
the plan,2567
bedara kannappa,2569
a: film by upendra,2570
ulidavaru kandanthe,2572
devatha manushya,2579
upendra,2581
bettada jeeva,2582
nagara haavu,2584
om,2586
samayada gombe,2588
koormavatara,2589
rangitaranga,2594
mungaru male 2,2596
beru,2597
amrutha varshini,2603
rama rama re,2604
prema geema jane do,2608
kiragoorina gayyaligalu,2609
godhi banna sadharana mykattu,2610
bandhana,2616
jigar thanda,2620
prithvi,2621
bhakta kanakadasa,2622
ouija: game never ends,2623
satya harishchandra,2624
lucia,2625
sampathige saval,2631
alegalu,2637
style king,2639
chomana dudi,2644
krishna leela,2645
bangarada manushya,2646
forest,2647
drishya,2648
thithi,2649
kendasampige,2651
uppi 2,2652
sri krishna deva raya,2656
vascodigama,2662
kanasembo kudureyaneri,2664
maathaad maathaadu mallige,2665
december 1,2666
sakshatkara,2668
naanu nanna kanasu,2674
daari tappida maga,2675
paduvarahalli pandavaru,2679
amrutha ghalige,2681
aatagara,2682
mungaru male,2684
upasane,2689
bhakta prahlada,2693
bharath stores,2695
jagajyothi basaveshwara,2699
kaanchaana,2704
bhoomigeetha: song of the earth,2709
bara,2710
bayalu dari,2715
u turn,2721
idolle ramayana,2722
super,2724
naanu avanalla... avalu,2725
ricky,2726
shivalinga,2728
kaadu kudure,2733
prathyartha,2734
sati sulochana,2735
dana kayonu,2740
buguri,2743
care of footpath 2,2744
devara naadalli,2746
samskara,2747
bengaloored,2748
kahi,2749
yajamana,2750
ugramm,2751
first rank raju,2752
"the tortoise, an incarnation",2760
nagarhole,2761
simple agi ondh love story,2763
swaathi mutthu,2767
eradu kanasu,2768
last bus,2774
oggarane,2775
chakravyuha,2776
killing veerappan,2777
gulabi talkies,2782
what?,2783
jai maruthi 800,2785
karva,2786
neer dose,2790
zoom,2791
africadalli sheela,2798
aapthamitra,2799
boothayyana maga ayyu,2800
gauri ganesha,2801
bangalore 560023,2802
simpallag innondh love story,2803
mata,2804
moggina manasu,2806
maleyali jotheyali,2807
ullasa uthsaha,2808
aa dinagalu,2809
the ritual,2810
rathaavara,2811
rama shama bhama,2812
raktha kanneeru,2813
premaloka,2816
kottereshi kanasu,2817
kaavala,2818
shruti seridaga,2821
sye,2824
accident,2825
kasturi nivasa,2826
nandhi,2828
babruvahana,2830
nalla,2831
masth majaa maadi,2832
mutthina haara,2833
vaalee,2834
shabdavedi,2837
run antony,2838
jolly days,2841
the great story of sodabuddi,2842
vamshi,2844
chaddi dosth,2847
